name,type,pdb_id,pdb_chain,uniprot,exp_len,af_len,tm_score,rmsd,mean_plddt,disorder_frac,disorder_pct,disorder_bin,missing_frac,coverage,fragment_flag,missing_flag,status
PDCoV IL121_2014 receptor binding domain,viral,11ZW,A,F1NWE3,113,1516,0.4370,4.0963,83.6973,0.0910,9.1029,0-25,0.0000,0.1327,True,False,ok
Glycoprotein,viral,11LP,A,P08667,363,524,0.4352,5.6975,63.7832,0.1202,12.0229,0-25,0.0970,1.0000,False,False,ok
Nucleoprotein,viral,10ZO,B,A0A1Q1NMU1,68,697,0.3680,3.6624,57.3591,0.4433,44.3329,25-50,0.0000,1.0000,False,False,ok
ORF9b protein,viral,13UE,A,P0DTD2,84,97,0.2182,4.7388,41.6827,0.0000,0.0000,0-25,0.1340,1.0000,False,False,ok
P1/MAHONEY POLIOVIRUS,viral,1AL2,1,P03300,283,964,0.7410,3.2031,75.6504,0.0695,6.9502,0-25,0.0000,0.9965,False,False,ok
INFLUENZA VIRUS MATRIX PROTEIN,viral,1AA7,A,P03485,158,252,0.9474,1.3315,79.8718,0.0000,0.0000,0-25,0.0000,1.0000,False,False,ok
REGULATORY PROTEIN E2,viral,1A7G,E,P17383,82,372,0.9051,1.1552,77.4141,0.1478,14.7849,0-25,0.0000,0.9878,False,False,ok
TOPOISOMERASE I,viral,1A41,A,P68698,221,314,0.8637,2.4523,91.2334,0.0000,0.0000,0-25,0.0391,1.0000,False,False,ok
HIV-1 PROTEASE,viral,1A30,A,P04585,99,99,0.9398,1.2283,96.7786,0.0000,0.0000,0-25,0.0000,0.9596,False,False,ok
PROTEIN (INTEGRASE),viral,1C0M,A,P03354,221,1603,0.9429,1.5928,71.6190,0.1335,13.3500,0-25,0.0000,0.9955,False,False,ok
REGULATORY PROTEIN E2,viral,1BY9,A,P03120,72,365,0.9559,0.7453,78.6092,0.1151,11.5068,0-25,0.1000,1.0000,False,False,ok
BLUETONGUE VIRUS COAT PROTEIN VP7,viral,1BVP,1,P69361,349,349,0.9605,1.4120,93.1205,0.0000,0.0000,0-25,0.0000,1.0000,False,False,ok
CYCLIN HOMOLOG,viral,1BU2,A,Q01043,229,254,0.9593,1.2705,91.9780,0.0787,7.8740,0-25,0.0000,1.0000,False,False,ok
VP39,viral,1BKY,A,P07617,291,333,0.9863,0.7782,87.1515,0.1111,11.1111,0-25,0.2700,1.0000,False,False,ok
BOVINE ENTEROVIRUS COAT PROTEINS VP1 TO VP4,viral,1BEV,4,P12915,40,69,NA,NA,NA,NA,NA,NA,NA,NA,False,False,"error: excluded: experimental chain has 40 resolved residues, outside 50-600"
PROTEASE,viral,1BAI,A,P03322,124,701,0.9320,1.3810,65.9134,0.2168,21.6833,0-25,0.0000,0.9274,False,False,ok
PROTEIN (NEURAMINIDASE),viral,1B9V,A,P03474,390,466,0.9512,1.7047,79.0652,0.1009,10.0858,0-25,0.0776,0.9974,False,False,ok
PROTEIN (NUCLEAR PROTEIN EBNA1),viral,1B3T,A,P03211,147,641,0.8321,2.6594,41.3688,0.7894,78.9392,75-100,0.0000,1.0000,False,False,ok
"PROTEIN (CRICKET PARALYSIS VIRUS, VP4)",viral,1B35,D,P13418,57,895,0.3177,4.2674,77.4118,0.0257,2.5698,0-25,0.0000,0.9825,False,False,ok
HUMAN RHINOVIRUS 16 COAT PROTEIN,viral,1AYN,4,P23008,29,69,NA,NA,NA,NA,NA,NA,NA,NA,False,False,"error: excluded: experimental chain has 29 resolved residues, outside 50-600"
HUMAN RHINOVIRUS 16 COAT PROTEIN,viral,1AYN,3,Q82122,238,166,0.6770,1.0723,90.7836,0.0000,0.0000,0-25,0.0000,0.6975,True,False,ok
ADENOVIRAL PROTEINASE,viral,1AVP,A,P03252,204,204,0.9811,0.8298,94.1981,0.3039,30.3922,25-50,0.0000,1.0000,False,False,ok
PROTEIN (COXSACKIEVIRUS A9),viral,1D4M,1,P21404,284,302,0.7514,2.8283,80.0259,0.3675,36.7550,25-50,0.0000,0.9754,False,False,ok
HIV-1 ENVELOPE GLYCOPROTEIN GP41,viral,1DLB,A,P04578,63,856,0.4867,3.2312,72.0655,0.1133,11.3318,0-25,0.0308,0.5238,True,False,ok
PROTEIN (REVERSE TRANSCRIPTASE),viral,1D1U,A,P03355,255,671,0.9727,1.2035,87.6523,0.0209,2.0864,0-25,0.0000,1.0000,False,False,ok
TYPE 2 RHINOVIRUS 3C PROTEASE,viral,1CQQ,A,P04936,180,183,0.9908,0.4881,96.1404,0.0000,0.0000,0-25,0.0000,1.0000,False,False,ok
VIRAL CHEMOKINE INHIBITOR,viral,1CQ3,A,Q85307,224,246,0.9056,2.2553,75.1322,0.2927,29.2683,25-50,0.0000,1.0000,False,False,ok
PROTEIN (VIRAL MACROPHAGE INFLAMMATORY PROTEIN-II),viral,1CM9,A,Q98157,67,94,0.9503,0.7164,86.3419,0.3936,39.3617,25-50,0.0000,0.8955,False,False,ok
ICE INHIBITOR,viral,1C8O,A,P07385,300,341,0.9269,1.9856,88.6230,0.0000,0.0000,0-25,0.0000,0.9800,False,False,ok
HIV-1 ENVELOPE PROTEIN CHIMERA CONSISTING OF A FRAGMENT OF GCN4 ZIPPER CLONED N-TERMINAL TO TWO FRAGMENTS OF GP41,viral,1ENV,A,P03069,115,281,0.4472,1.8759,66.6709,0.8399,83.9858,75-100,0.2532,0.1826,True,False,ok
PROTEASE,viral,1FL1,A,Q2HRB6,192,534,0.9790,0.9761,63.5743,0.5169,51.6854,50-75,0.1616,0.9219,False,False,ok
MATURE CAPSID PROTEIN BETA,viral,1F8V,A,Q9J7Z0,355,401,0.7946,3.0184,74.4170,0.1047,10.4738,0-25,0.2808,1.0000,False,False,ok
GAMMA HERPESVIRUS CYCLIN,viral,1F5Q,B,P89883,247,252,0.6507,4.0874,63.3694,0.0278,2.7778,0-25,0.0000,0.9960,False,False,ok
POLIOVIRUS TYPE 2 COAT PROTEINS VP1 TO VP4,viral,1EAH,4,P06210,68,69,0.2929,4.0642,61.5062,1.0000,100.0000,75-100,0.0000,1.0000,False,False,ok
THYMIDINE KINASE,viral,1E2P,A,P0DTH5,305,376,0.9846,0.9025,84.4074,0.1383,13.8298,0-25,0.0729,0.9934,False,False,ok
FUSION PROTEIN E1,viral,1I9W,A,P03315,369,1253,0.8956,2.4661,75.6808,0.0870,8.6991,0-25,0.0289,1.0000,False,False,ok
Early 35 kDa protein,viral,1I4E,A,P08160,293,299,0.8898,1.9762,74.5679,0.0000,0.0000,0-25,0.0168,1.0000,False,False,ok
HUMAN RHINOVIRUS 14 COAT PROTEIN (SUBUNIT VP4),viral,1HRV,4,P03303,40,69,NA,NA,NA,NA,NA,NA,NA,NA,False,False,"error: excluded: experimental chain has 40 resolved residues, outside 50-600"
HEPATITIS A VIRUS 3C PROTEINASE,viral,1HAV,B,P08617,213,219,0.9588,1.2787,93.0631,0.0000,0.0000,0-25,0.0000,0.9953,False,False,ok
MYB TRANSFORMING PROTEIN,viral,1H8A,C,P01104,105,265,0.2061,4.7180,52.0122,0.8830,88.3019,75-100,0.0000,0.1143,True,False,ok
MATRIX PROTEIN VP40,viral,1H2D,A,Q05128,122,326,0.8622,1.7614,57.7207,0.2423,24.2331,0-25,0.0000,1.0000,False,False,ok
SINDBIS VIRUS CAPSID PROTEIN,viral,1KXF,A,P03316,159,1245,0.9478,1.5377,74.4330,0.1012,10.1205,0-25,0.0000,1.0000,False,False,ok
RNA-DIRECTED RNA POLYMERASE,viral,1KHW,A,P27410,493,311,0.6009,1.6215,92.9284,0.0000,0.0000,0-25,0.0080,0.6227,True,False,ok
gp42 Protein,viral,1KG0,C,P03205,136,223,0.9143,1.3562,78.9530,0.1211,12.1076,0-25,0.0000,1.0000,False,False,ok
PROTEIN (FIBER KNOB PROTEIN),viral,1KAC,A,P36711,185,587,0.9595,1.4811,78.4428,0.1090,10.9029,0-25,0.0000,1.0000,False,False,ok
HERPESVIRUS ENTRY MEDIATOR,viral,1JMA,B,Q92956,100,283,0.8874,1.4012,79.9459,0.3286,32.8622,25-50,0.0196,0.9100,False,False,ok
Protein K3,viral,1LUZ,A,P18378,82,88,0.8775,1.4434,91.0720,0.0000,0.0000,0-25,0.0000,0.9390,False,False,ok
URACIL-DNA GLYCOSYLASE INHIBITOR,viral,1LQG,C,P14739,73,84,0.8904,1.5828,90.5320,0.0000,0.0000,0-25,0.0000,1.0000,False,False,ok
AAV-2 capsid protein,viral,1LP3,A,P03135,519,735,0.9749,1.2751,80.5479,0.3605,36.0544,25-50,0.0000,1.0000,False,False,ok
Adsorption protein P2,viral,1N7V,A,P27378,533,591,0.9609,1.6996,85.2054,0.0000,0.0000,0-25,0.1100,1.0000,False,False,ok
Large T Antigen,viral,1N25,A,P03070,362,708,0.9076,2.4000,81.6756,0.1667,16.6667,0-25,0.0000,1.0000,False,False,ok
MOLONEY MURINE LEUKEMIA VIRUS P15,viral,1MOF,A,P03385,53,665,0.5369,1.8053,72.3167,0.2241,22.4060,0-25,0.0000,0.9811,False,False,ok
Core protein p15,viral,1MN8,A,P03332,95,538,0.9593,1.1787,75.4060,0.4442,44.4238,25-50,0.0000,1.0000,False,False,ok
M3 Protein,viral,1ML0,A,O41925,371,406,0.3962,5.7862,37.1405,0.1108,11.0837,0-25,0.0000,1.0000,False,False,ok
PROTEIN (HTLV-1 GP21 ECTODOMAIN/MALTOSE-BINDING PROTEIN CHIMERA),viral,1MG1,A,P0AEX9,450,396,0.8089,0.5767,94.2793,0.0581,5.8081,0-25,0.0000,0.7978,True,False,ok
Rep protein,viral,1M55,A,Q9YJC1,193,610,0.9842,0.6845,84.2388,0.0197,1.9672,0-25,0.0000,1.0000,False,False,ok
ADENOVIRUS FIBRE,viral,1QIU,A,P03275,264,582,0.8382,3.0282,79.0613,0.2474,24.7423,0-25,0.0000,1.0000,False,False,ok
"POLIOVIRUS TYPE 3, SABIN STRAIN",viral,1PVC,4,P03302,62,69,0.2500,4.2623,61.6833,1.0000,100.0000,75-100,0.0882,1.0000,False,False,ok
CAPSID PROTEIN P40,viral,1O6E,A,P03234,225,605,0.9108,1.8951,59.7320,0.5587,55.8678,50-75,0.0302,0.9956,False,False,ok
HUMAN RHINOVIRUS 3 COAT PROTEIN,viral,1RHI,4,Q82081,43,69,NA,NA,NA,NA,NA,NA,NA,NA,False,False,"error: excluded: experimental chain has 43 resolved residues, outside 50-600"
Replication protein E1,viral,1R9W,A,P06789,138,657,0.9765,1.0122,74.3716,0.3364,33.6377,25-50,0.0483,1.0000,False,False,ok
HPV11 REGULATORY PROTEIN E2,viral,1R6N,A,P04015,196,367,0.9521,1.2612,79.1038,0.2180,21.7984,0-25,0.8230,0.9949,False,True,ok
34L protein,viral,1SFU,A,Q9DHS8,70,185,0.9195,1.3040,82.7981,0.1892,18.9189,0-25,0.0000,1.0000,False,False,ok
PROTEIN (FUSION GLYCOPROTEIN),viral,1SVF,A,P04849,64,529,0.6729,1.8929,76.4618,0.0454,4.5369,0-25,0.0000,0.9844,False,False,ok
VIRAL INTERLEUKIN-10,viral,1VLK,A,P03180,142,170,0.6304,2.2435,86.8789,0.1471,14.7059,0-25,0.0274,1.0000,False,False,ok
FIBER PROTEIN,viral,1UXE,A,Q64823,184,365,0.9747,0.9847,86.2530,0.0000,0.0000,0-25,0.0000,1.0000,False,False,ok
FIBER PROTEIN,viral,1UXB,A,Q64822,184,365,0.9760,0.9836,84.9730,0.0000,0.0000,0-25,0.0000,1.0000,False,False,ok
"PROTEIN (FUSION PROTEIN CONSISTING OF MINOR COAT PROTEIN, GLYCINE RICH LINKER, TOLA, AND A HIS TAG)",viral,1TOL,A,P19934,156,421,0.5157,1.6214,76.0532,0.7197,71.9715,50-75,0.2744,0.6026,True,False,ok
THEILER'S MURINE ENCEPHALOMYELITIS VIRUS (SUBUNIT VP4),viral,1TME,4,P13899,25,56,NA,NA,NA,NA,NA,NA,NA,NA,False,False,"error: excluded: experimental chain has 25 resolved residues, outside 50-600"
Hemagglutinin-neuraminidase,viral,1Z50,A,P04850,448,565,0.9814,1.2613,85.2639,0.0708,7.0796,0-25,0.0704,1.0000,False,False,ok
Virion membrane protein,viral,1YPY,A,P07612,182,250,0.7482,3.8652,54.8814,0.1440,14.4000,0-25,0.0000,1.0000,False,False,ok
polynucleotide 5'-phosphatase,viral,1YN9,A,P24656,168,168,0.9939,0.3806,96.8487,0.0000,0.0000,0-25,0.0000,1.0000,False,False,ok
Genome polyprotein,viral,1XR6,A,P12916,460,460,0.9923,0.6873,95.3681,0.0283,2.8261,0-25,0.0000,0.9957,False,False,ok
Nonstructural protein NS1,viral,1XEQ,A,P03502,89,281,0.8405,2.2839,54.9246,0.0925,9.2527,0-25,0.0000,1.0000,False,False,ok
SARS ORF7A ACCESSORY PROTEIN,viral,1XAK,A,P59635,68,122,0.8588,1.3684,73.2781,0.0000,0.0000,0-25,0.0145,0.9853,False,False,ok
SINDBIS VIRUS CAPSID PROTEIN,viral,1WYK,A,P27285,152,1245,0.9808,0.6652,74.1754,0.1036,10.3614,0-25,0.0000,0.9934,False,False,ok
"Fusion glycoprotein F0,Fusion glycoprotein F0",viral,1WP8,A,O89342,64,546,0.4841,0.9144,76.5638,0.0403,4.0293,0-25,0.8129,0.5781,True,True,ok
fusion protein,viral,1WP7,A,Q9IH63,64,546,0.4939,0.8288,76.0925,0.1740,17.3993,0-25,0.8129,0.5781,True,True,ok
VARICELLA-ZOSTER VIRUS PROTEASE,viral,1VZV,A,P09286,211,605,0.9649,1.1390,56.7273,0.6066,60.6612,50-75,0.0452,1.0000,False,False,ok
Spike protein S1,viral,22HG,A,P0DTC2,186,1273,0.8525,2.6314,67.1413,0.0691,6.9128,0-25,0.0000,0.8817,False,False,ok
PROTEIN (BLACK BEETLE VIRUS CAPSID PROTEIN),viral,2BBV,A,P04329,308,407,0.9602,1.4790,78.8443,0.1229,12.2850,0-25,0.0000,1.0000,False,False,ok
Viral CASP8 and FADD-like apoptosis regulator,viral,2BBR,A,Q98325,189,241,0.9567,1.2610,81.3574,0.2365,23.6515,0-25,0.0258,0.9841,False,False,ok
coat protein,viral,2BBD,A,Q6Q0J0,319,345,0.9292,1.9584,73.5851,0.0000,0.0000,0-25,0.0000,1.0000,False,False,ok
E7 protein,viral,2B9D,A,P06465,52,93,0.8743,1.5646,85.1845,0.0000,0.0000,0-25,0.0000,0.9423,False,False,ok
Nonstructural protein V,viral,2B5L,C,P11207,174,222,0.3451,4.3336,57.8917,0.5315,53.1532,50-75,0.1594,1.0000,False,False,ok
B2 protein,viral,2AZ2,A,P68831,70,106,0.8021,1.5877,83.4542,0.1604,16.0377,0-25,0.0000,1.0000,False,False,ok
Genome polyprotein,viral,29JC,A,Q65900,141,150,0.9645,1.1362,90.1207,0.0000,0.0000,0-25,0.0000,1.0000,False,False,ok
Protease 3C,viral,29HM,A,Q68T42,181,183,0.9898,0.5216,96.6068,0.0000,0.0000,0-25,0.0000,0.9779,False,False,ok
"Regulatory protein IE1,HLA class II histocompatibility antigen DR beta chain",viral,28ZB,B,Q5Y7D1,199,266,0.9209,0.7560,86.3844,0.1767,17.6692,0-25,0.1943,0.9397,False,False,ok
Nucleoprotein,viral,26UI,A,P0DTC9,108,419,0.9438,1.0278,67.3731,0.5322,53.2220,50-75,0.3415,1.0000,False,True,ok
Structural protein,viral,26DE,W,X5I365,139,143,0.8806,1.8545,85.0752,0.0000,0.0000,0-25,0.0000,1.0000,False,False,ok
25kDa structural protein VP25,viral,2ED6,A,Q9ICB7,170,204,0.5656,3.8430,50.8762,0.0000,0.0000,0-25,0.0000,1.0000,False,False,ok
EBOLA VIRUS ENVELOPE GLYCOPROTEIN,viral,2EBO,A,Q05320,74,676,0.8683,1.3587,35.0650,0.4009,40.0888,25-50,0.0000,0.9865,False,False,ok
DU,viral,2D4N,A,P07570,113,911,0.9777,0.6485,69.7877,0.2953,29.5280,25-50,0.0000,1.0000,False,False,ok
HYPOTHETICAL PROTEIN 5,viral,2CME,E,P59636,77,98,0.2903,3.5955,44.8914,0.1020,10.2041,0-25,0.1444,0.9870,False,False,ok
RNA-DIRECTED RNA POLYMERASE,viral,2CKW,A,Q69014,487,307,0.5938,1.7358,93.5758,0.0000,0.0000,0-25,0.0181,0.6119,True,False,ok
NUCLEOCAPSID PROTEIN,viral,2CJR,A,P59595,115,422,0.9511,1.1141,66.7219,0.5995,59.9526,50-75,0.0000,1.0000,False,False,ok
33 KDA EARLY PROTEIN,viral,2CH8,A,P03228,188,221,0.9132,1.9333,83.1232,0.0769,7.6923,0-25,0.0553,1.0000,False,False,ok
NUCLEOCAPSID PROTEIN,viral,2CA1,A,P69596,110,409,0.9282,1.3469,67.9182,0.5599,55.9902,50-75,0.0000,0.9818,False,False,ok
BZLF1 TRANS-ACTIVATOR PROTEIN,viral,2C9L,Y,P03206,63,245,0.6439,2.2300,53.6939,0.6776,67.7551,50-75,0.0000,0.9524,False,False,ok
DEOXYURIDINE 5'-TRIPHOSPHATE NUCLEOTIDOHYDROLASE,viral,2BT1,A,P03195,254,278,0.9681,1.1388,88.4963,0.1259,12.5899,0-25,0.0000,1.0000,False,False,ok
DNA topoisomerase 1,viral,2H7G,X,P32989,312,314,0.9472,1.5956,91.7840,0.0000,0.0000,0-25,0.0000,0.9936,False,False,ok
Hypothetical protein BQLF2,viral,2H3R,A,P88989,87,135,0.6903,1.1878,76.7827,0.4741,47.4074,25-50,0.0722,0.9195,False,False,ok
Nonstructural protein 2,viral,2GU0,A,Q9PY93,301,312,0.9111,2.1496,92.5423,0.0000,0.0000,0-25,0.0227,1.0000,False,False,ok
EVM001,viral,2GRK,A,Q9JFS0,228,247,0.9003,2.1220,80.4153,0.1174,11.7409,0-25,0.0000,0.9825,False,False,ok
wsv230,viral,2GJ2,A,Q91LD0,79,82,0.9330,1.0865,90.4038,0.0366,3.6585,0-25,0.0000,1.0000,False,False,ok
Protease VP4,viral,2GEF,A,Q8AZM0,194,1069,0.9063,1.9633,65.0812,0.0917,9.1674,0-25,0.0616,0.9897,False,False,ok
Poly(A) polymerase catalytic subunit,viral,2GAF,D,P23371,447,479,0.9918,0.7015,90.6129,0.0334,3.3403,0-25,0.0449,0.9978,False,False,ok
Glutaredoxin-2,viral,2G2Q,A,P68460,112,124,0.7250,2.1350,87.8947,0.0000,0.0000,0-25,0.0417,1.0000,False,False,ok
Fusion glycoprotein F0,viral,2FYZ,A,P11236,57,538,0.7509,1.7122,77.9648,0.2881,28.8104,25-50,0.0000,0.9825,False,False,ok
Chymotrypsin-like cysteine proteinase,viral,2FYR,A,Q83883,171,1789,0.9276,1.0765,66.8900,0.2800,28.0045,25-50,0.0552,1.0000,False,False,ok
URACIL-DNA GLYCOSYLASE,viral,2J8X,A,P12888,230,255,0.9724,1.1335,91.7029,0.0000,0.0000,0-25,0.0000,1.0000,False,False,ok
STIV B116,viral,2J85,A,Q6Q0K9,113,116,0.9511,0.7375,92.7136,0.0000,0.0000,0-25,0.0000,0.9115,False,False,ok
FIBER PROTEIN,viral,2J2J,A,Q65914,182,542,0.8467,2.5480,65.3425,0.5092,50.9225,50-75,0.0000,1.0000,False,False,ok
AVIAN ADENOVIRUS CELO LONG FIBRE,viral,2IUN,A,Q64761,211,710,0.6856,3.8522,61.6982,0.0000,0.0000,0-25,0.0000,1.0000,False,False,ok
Spike glycoprotein,viral,2IEQ,A,Q6Q1S2,88,1356,0.5020,3.8538,67.4268,0.0465,4.6460,0-25,0.1619,0.5795,True,False,ok
Nucleocapsid protein,viral,2IC9,A,Q89462,74,428,0.9635,0.6244,86.7298,0.1098,10.9813,0-25,0.0000,0.9730,False,False,ok
Nucleocapsid,viral,2I9F,A,P19810,58,110,0.3294,3.6306,44.4461,0.5000,50.0000,50-75,0.4100,0.9483,False,True,ok
Glutaredoxin-1,viral,2HZF,A,Q8JLF5,110,108,0.9636,0.3804,97.2688,0.0000,0.0000,0-25,0.0000,0.9727,False,False,ok
helicase nsP2,viral,2HWK,A,Q9WIJ1,320,1879,0.8755,2.5795,68.7287,0.1735,17.3497,0-25,0.0000,1.0000,False,False,ok
"Cyclin-T1, Protein Tat",viral,2PK2,A,O60563,256,726,0.9585,1.3205,59.4283,0.6226,62.2590,50-75,0.0000,0.9961,False,False,ok
Dual specificity protein phosphatase,viral,2P4D,A,P0DOQ5,155,171,0.9848,0.6261,95.5100,0.0000,0.0000,0-25,0.0000,0.8323,False,False,ok
Deoxyuridine 5'-triphosphate nucleotidohydrolase,viral,2OL1,A,P17374,124,147,0.9572,0.9748,93.3488,0.2245,22.4490,0-25,0.0000,0.9919,False,False,ok
Core protein P7,viral,2Q82,A,Q94M07,108,169,0.2989,5.2713,41.4995,0.1124,11.2426,0-25,0.0172,0.9074,False,False,ok
AFV1-102,viral,2WB6,A,Q70LC3,114,102,0.8014,0.9745,86.7703,0.0000,0.0000,0-25,0.0172,0.8333,False,False,ok
Protein cereblon,cellular,10AY,B,Q96SW2,381,442,0.9918,0.6636,86.5956,0.1697,16.9683,0-25,0.0403,0.9869,False,False,ok
Tyrosine-protein kinase Fyn,cellular,10DJ,A,P06241,269,537,0.9009,2.2051,80.8393,0.1527,15.2700,0-25,0.0000,1.0000,False,False,ok
Histone H3.2,cellular,10GJ,A,Q71DI3,96,136,0.9882,0.4033,85.9796,0.3015,30.1471,25-50,0.0000,0.9896,False,False,ok
Histone H2A type 1,cellular,10GJ,C,P0C0S8,108,130,0.9342,1.2766,91.0954,0.2538,25.3846,25-50,0.0000,1.0000,False,False,ok
Histone H2B type 1-C/E/F/G/I,cellular,10GJ,D,P62807,93,126,0.8924,1.6022,88.1346,0.2698,26.9841,25-50,0.0000,1.0000,False,False,ok
Histone H4,cellular,10GK,B,P62805,81,103,0.9854,0.4223,89.8326,0.2039,20.3883,0-25,0.0000,1.0000,False,False,ok
NAD(P)H dehydrogenase [quinone] 1,cellular,10QV,A,P15559,273,274,0.9921,0.6842,98.3502,0.0000,0.0000,0-25,0.0000,1.0000,False,False,ok
Histone H2A type 1-H,cellular,10YI,C,Q96KK5,107,128,0.9509,1.0809,91.6716,0.1797,17.9688,0-25,0.0000,1.0000,False,False,ok
"Histone H3.1,Protein Jade-3",cellular,11AF,A,P68431,172,136,0.2286,5.4702,86.0382,0.3015,30.1471,25-50,0.5313,0.0756,True,True,ok
Phosphatidylinositol 5-phosphate 4-kinase type-2 alpha,cellular,11AD,A,P48426,317,406,0.9654,1.5167,85.6876,0.2192,21.9212,0-25,0.3291,0.9937,False,True,ok
E3 ubiquitin-protein ligase CBL-B,cellular,10ZJ,A,Q13191,391,982,0.7939,2.3253,61.8793,0.5489,54.8880,50-75,0.0000,1.0000,False,False,ok
DNA ligase 3,cellular,10YI,L,P49916,208,1009,0.9293,1.6174,75.3485,0.2597,25.9663,25-50,0.0000,1.0000,False,False,ok
Histone H2B type 1-M,cellular,10YI,D,Q99879,93,126,0.9039,1.5046,87.3831,0.2619,26.1905,25-50,0.0000,1.0000,False,False,ok
Histone H2B type 2-F,cellular,10YF,D,Q5QNW6,92,134,0.9805,0.5032,85.6081,0.2463,24.6269,0-25,0.0000,1.0000,False,False,ok
Mu-type opioid receptor,cellular,10TM,F,P35372,282,493,0.9278,2.1554,70.2145,0.4118,41.1765,25-50,0.0000,0.9965,False,False,ok
WD repeat-containing protein 5,cellular,10TC,A,P61964,304,334,0.9964,0.3947,93.3437,0.0958,9.5808,0-25,0.0000,1.0000,False,False,ok
Proprotein convertase subtilisin/kexin type 9,cellular,10SB,B,Q8NBP7,284,692,0.9585,1.2359,85.1602,0.0809,8.0925,0-25,0.0340,0.9648,False,False,ok
NAD(+) hydrolase SARM1,cellular,10RC,A,Q6SZW1,140,724,0.9556,1.0719,85.6915,0.1146,11.4641,0-25,0.0000,1.0000,False,False,ok
Plasma kallikrein,cellular,10QS,A,P03952,239,638,0.9806,0.9507,87.8814,0.0831,8.3072,0-25,0.0000,0.9958,False,False,ok
Tyrosine-protein kinase JAK2,cellular,10PJ,A,O60674,298,1132,0.9560,1.4503,86.8829,0.0574,5.7420,0-25,0.0000,0.9799,False,False,ok
Tyrosine-protein kinase JAK1,cellular,10PI,A,P23458,285,1154,0.9713,0.9264,85.5703,0.0381,3.8128,0-25,0.0172,0.9895,False,False,ok
Fibroblast growth factor receptor 2,cellular,10OU,A,P21802,309,822,0.8898,2.0972,74.5674,0.2482,24.8175,0-25,0.0000,0.9903,False,False,ok
GTPase KRas,cellular,10NV,A,P01116,166,188,0.9406,1.4448,92.5746,0.0798,7.9787,0-25,0.1724,0.9759,False,False,ok
N-glycosylase/DNA lyase,cellular,10MN,A,O15527,317,345,0.9835,0.9881,92.3396,0.1420,14.2029,0-25,0.0000,0.9905,False,False,ok
"Ornithine aminotransferase, mitochondrial",cellular,10LX,A,P04181,404,439,0.9978,0.3439,94.0790,0.0820,8.2005,0-25,0.0000,1.0000,False,False,ok
Serine protease 57,cellular,10KV,B,Q6UWY2,232,283,0.9916,0.5257,89.1656,0.1767,17.6678,0-25,0.0261,0.9957,False,False,ok
"Adenosine receptor A2a,Soluble cytochrome b562",cellular,10KT,A,P29274,390,412,0.7794,0.7271,80.3675,0.2451,24.5146,0-25,0.6480,0.7615,True,True,ok
Chitinase-3-like protein 1,cellular,10KA,A,P36222,362,383,0.9924,0.6186,94.7036,0.0548,5.4830,0-25,0.0000,0.9972,False,False,ok
Serine/threonine-protein kinase Chk1,cellular,10IA,A,O14757,262,476,0.9833,0.8162,76.1439,0.2164,21.6387,0-25,0.0224,0.9618,False,False,ok
GLUTATHIONE S-TRANSFERASE P1-1,cellular,10GS,A,P09211,208,210,0.9971,0.2891,98.0063,0.0000,0.0000,0-25,0.0000,1.0000,False,False,ok
Tyrosine-protein kinase Fgr,cellular,10GA,A,P09769,163,529,0.9540,1.0930,82.1806,0.1474,14.7448,0-25,0.0000,0.9939,False,False,ok
Histone acetyltransferase KAT2A,cellular,10DW,A,Q92830,264,837,0.9455,1.5475,77.7027,0.2127,21.2664,0-25,0.0865,1.0000,False,False,ok
GTPase HRas,cellular,10DC,A,P01112,162,189,0.9835,0.6329,91.9463,0.0000,0.0000,0-25,0.0241,0.9938,False,False,ok
HBS1-like protein,cellular,10AY,A,Q9Y450,100,684,0.9649,0.7396,74.0310,0.2895,28.9474,25-50,0.0654,1.0000,False,False,ok
Bifunctional 3'-5' exonuclease/ATP-dependent helicase WRN,cellular,10AP,A,Q14191,421,1432,0.5957,3.6811,68.6436,0.3073,30.7263,25-50,0.0000,1.0000,False,False,ok
Eukaryotic peptide chain release factor GTP-binding subunit ERF3A,cellular,12BP,X,P15170,109,637,0.9440,0.9746,73.4822,0.3281,32.8100,25-50,0.0000,1.0000,False,False,ok
Tumor necrosis factor receptor superfamily member 17,cellular,12ER,C,Q02223,41,184,NA,NA,NA,NA,NA,NA,NA,NA,False,False,"error: excluded: experimental chain has 41 resolved residues, outside 50-600"
Guanine nucleotide-binding protein G(i) subunit alpha-1,cellular,12IZ,A,P63096,218,354,0.8366,2.8818,93.7251,0.0056,0.5650,0-25,0.3807,0.7661,True,True,ok
Guanine nucleotide-binding protein G(I)/G(S)/G(T) subunit beta-1,cellular,12IZ,B,P62873,338,340,0.9945,0.5035,97.0641,0.0000,0.0000,0-25,0.0000,1.0000,False,False,ok
Guanine nucleotide-binding protein G(I)/G(S)/G(O) subunit gamma-2,cellular,12IZ,C,P59768,56,71,0.9465,0.6764,89.5556,0.0000,0.0000,0-25,0.0000,1.0000,False,False,ok
Cannabinoid receptor 2,cellular,12IZ,R,P34972,277,360,0.9452,1.8305,84.4624,0.1806,18.0556,0-25,0.0382,1.0000,False,False,ok
Ubiquitin carboxyl-terminal hydrolase isozyme L3,cellular,13CU,A,P15374,212,230,0.9676,1.2800,94.7536,0.0000,0.0000,0-25,0.0619,1.0000,False,False,ok
Membrane-associated tyrosine- and threonine-specific cdc2-inhibitory kinase,cellular,13LV,A,Q99640,286,499,0.9739,1.3588,75.6675,0.4088,40.8818,25-50,0.0104,0.9965,False,False,ok
E3 ubiquitin-protein ligase MYLIP,cellular,13SJ,A,Q8WY64,69,445,0.9508,0.6857,85.7602,0.0517,5.1685,0-25,0.0000,0.9855,False,False,ok
Inositol-tetrakisphosphate 1-kinase,cellular,13LZ,A,Q13572,321,414,0.9483,1.5907,83.0206,0.1908,19.0821,0-25,0.0000,1.0000,False,False,ok
"Calcium uniporter protein, mitochondrial",cellular,13IO,E,Q8NE86,171,351,0.8535,2.0572,79.1512,0.1453,14.5299,0-25,0.2478,1.0000,False,False,ok
"Essential MCU regulator, mitochondrial",cellular,13IO,A,Q9H4I9,53,107,0.7969,1.6893,72.5836,0.7009,70.0935,50-75,0.0000,1.0000,False,False,ok
IST1 homolog,cellular,13GJ,A,P53990,183,379,0.9630,1.0763,71.4002,0.5198,51.9789,50-75,0.0000,1.0000,False,False,ok
Programmed cell death 1 ligand 1,cellular,13FL,C,Q9NZQ7,115,290,0.9756,0.6594,88.2510,0.1586,15.8621,0-25,0.0000,0.9913,False,False,ok
Transforming growth factor beta-1,cellular,13FJ,A,P01137,112,390,0.7649,2.9226,79.5887,0.1897,18.9744,0-25,0.0000,1.0000,False,False,ok
Flavin reductase (NADPH),cellular,13EB,A,P30043,204,206,0.9960,0.3388,97.7217,0.0000,0.0000,0-25,0.0000,1.0000,False,False,ok
Ewing's tumor-associated antigen 1,cellular,13DE,E,Q9NY74,66,926,0.3882,2.0583,49.2786,0.9233,92.3326,75-100,0.3714,0.4091,True,True,ok
HUMAN LYSOZYME,cellular,134L,A,P61626,130,148,0.9866,0.5031,94.0734,0.1081,10.8108,0-25,0.0000,0.9923,False,False,ok
Ubiquitin carboxyl-terminal hydrolase 7,cellular,12ZJ,A,Q93009,143,1102,0.9786,0.7138,86.2699,0.0726,7.2595,0-25,0.0000,1.0000,False,False,ok
Glycine N-methyltransferase,cellular,12YI,A,Q14749,284,295,0.8919,1.7858,88.3942,0.0000,0.0000,0-25,0.0307,1.0000,False,False,ok
Cis-aconitate decarboxylase,cellular,12VW,A,A6NK06,458,481,0.9907,1.1593,95.2056,0.0499,4.9896,0-25,0.0802,0.9978,False,False,ok
B-cell lymphoma/leukemia 11B,cellular,12UP,A,Q9C0K0,53,894,0.8922,0.8835,50.8193,0.7629,76.2864,75-100,0.0000,1.0000,False,False,ok
T-cell antigen CD7,cellular,12NP,C,P09564,116,240,0.9390,1.1604,76.9754,0.4333,43.3333,25-50,0.0000,1.0000,False,False,ok
Secreted and transmembrane protein 1,cellular,12NP,A,Q8WVN6,106,248,0.9560,0.9502,74.7150,0.4073,40.7258,25-50,0.0000,1.0000,False,False,ok
REST corepressor 1,cellular,12LP,B,Q9UKL0,133,485,0.9522,0.9872,68.4948,0.4804,48.0412,25-50,0.0000,1.0000,False,False,ok
Mast/stem cell growth factor receptor Kit,cellular,12FJ,AAA,P10721,311,976,0.9511,1.5378,78.1865,0.1588,15.8811,0-25,0.1751,0.9743,False,False,ok
Thrombospondin-1,cellular,12EM,B,P07996,61,1170,0.7538,1.7912,84.2425,0.1470,14.7009,0-25,0.0000,0.9672,False,False,ok
"Beta-1,3-glucosyltransferase",cellular,12EM,A,Q6Y288,428,498,0.9872,0.8987,86.7140,0.1004,10.0402,0-25,0.0115,1.0000,False,False,ok
CARBONIC ANHYDRASE II,cellular,12CA,A,P00918,255,260,0.9964,0.3561,97.3706,0.0154,1.5385,0-25,0.0039,0.9961,False,False,ok
Gelsolin,cellular,12BY,I,P06396,232,782,0.4850,3.8946,89.1308,0.0614,6.1381,0-25,0.0859,1.0000,False,False,ok
Retinol-binding protein 2,cellular,12AK,A,P50120,133,134,0.9710,0.8699,96.4759,0.0896,8.9552,0-25,0.0000,0.9474,False,False,ok
"Fermitin family homolog 3,Fermitin family homolog 3,Integrin beta-2",cellular,11ZT,A,Q86UX7,423,667,0.9534,1.3373,82.9255,0.0945,9.4453,0-25,0.3743,0.9362,False,True,ok
Phosphatidylinositol 3-kinase catalytic subunit type 3,cellular,11YC,B,Q8NEB9,537,887,0.9695,1.0580,83.4579,0.1094,10.9357,0-25,0.0773,0.9851,False,False,ok
Platelet-derived growth factor receptor beta,cellular,11UE,A,P09619,306,1106,0.9882,0.7743,72.4491,0.2523,25.2260,25-50,0.2253,1.0000,False,False,ok
Casein kinase II subunit alpha,cellular,11UC,A,P68400,330,391,0.9931,0.5594,88.9403,0.1765,17.6471,0-25,0.0000,1.0000,False,False,ok
14-3-3 protein sigma,cellular,11SJ,A,P31947,228,248,0.9762,1.0496,92.8914,0.1129,11.2903,0-25,0.0172,1.0000,False,False,ok
Mitogen-activated protein kinase 14,cellular,11OY,A,Q16539,337,360,0.9827,0.9472,89.7732,0.0194,1.9444,0-25,0.0344,1.0000,False,False,ok
Protein O-GlcNAcase 535-704 Peptide,cellular,11LJ,C,O60502,115,916,0.8228,0.8963,74.7471,0.2293,22.9258,0-25,0.2532,0.9043,False,False,ok
Hepatocyte growth factor receptor,cellular,11HQ,A,P08581,268,1408,0.8980,2.3117,77.9850,0.1136,11.3636,0-25,0.0759,0.9963,False,False,ok
Telomerase protein component 1,cellular,11GZ,A,Q99973,220,2627,0.9443,1.8118,67.0231,0.1926,19.2615,0-25,0.0000,0.9955,False,False,ok
Cyclin-dependent kinases regulatory subunit 2,cellular,11GY,C,P33552,76,79,0.9182,0.8914,92.5233,0.0000,0.0000,0-25,0.0000,0.9868,False,False,ok
G2/mitotic-specific cyclin-B1,cellular,11GY,B,P14635,270,433,0.9831,0.9010,76.5497,0.3210,32.1016,25-50,0.0000,0.9815,False,False,ok
Cyclin-dependent kinase 1,cellular,11GY,A,P06493,288,297,0.9121,2.0869,89.3428,0.0000,0.0000,0-25,0.0103,1.0000,False,False,ok
HEMOGLOBIN (ALPHA CHAIN),cellular,1A00,A,P69905,141,142,0.9957,0.2902,98.0637,0.0000,0.0000,0-25,0.0000,1.0000,False,False,ok
HEMOGLOBIN (BETA CHAIN),cellular,1A00,B,P68871,146,147,0.9887,0.4875,97.1776,0.0000,0.0000,0-25,0.0000,0.9863,False,False,ok
SERINE/THREONINE PROTEIN PHOSPHATASE 5,cellular,1A17,A,P53041,159,499,0.8214,2.0598,92.7738,0.0521,5.2104,0-25,0.0000,1.0000,False,False,ok
ALPHA-THROMBIN (LARGE SUBUNIT),cellular,1A3B,H,P00734,251,622,0.9240,2.1421,83.9202,0.0884,8.8424,0-25,0.0087,1.0000,False,False,ok
S100A10,cellular,1A4P,A,P60903,92,97,0.9446,0.9755,92.0021,0.0000,0.0000,0-25,0.0000,1.0000,False,False,ok
"HLA CLASS I HISTOCOMPATIBILITY ANTIGEN, B-35 B*3501 (ALPHA CHAIN)",cellular,1A9E,A,P01889,277,362,0.9635,1.2709,88.0821,0.1768,17.6796,0-25,0.0000,0.9206,False,False,ok
BETA-2-MICROGLOBULIN,cellular,1A9E,B,P61769,100,119,0.9870,0.4295,94.0393,0.1597,15.9664,0-25,0.0000,0.9900,False,False,ok
HEMOGLOBIN (BETA CHAIN),cellular,1A9W,E,P02100,145,147,0.9871,0.5185,97.3264,0.0000,0.0000,0-25,0.0000,1.0000,False,False,ok
HEPARIN BINDING PROTEIN,cellular,1AE5,A,P20160,223,251,0.9942,0.4336,89.6822,0.0837,8.3665,0-25,0.0089,1.0000,False,False,ok
ALDOSE REDUCTASE,cellular,1ADS,A,P15121,315,316,0.9927,0.6176,98.3306,0.0158,1.5823,0-25,0.0000,1.0000,False,False,ok
RETINOBLASTOMA TUMOR SUPPRESSOR,cellular,1AD6,A,P06400,185,928,0.8953,1.9246,76.0663,0.3481,34.8060,25-50,0.0000,1.0000,False,False,ok
HAEMATOPOETIC CELL KINASE HCK,cellular,1AD5,A,P08631,437,526,0.9872,0.9008,83.0980,0.1654,16.5399,0-25,0.1698,0.9954,False,False,ok
PROTEIN TYROSINE PHOSPHATASE 1B,cellular,1AAX,A,P18031,297,435,0.9967,0.3659,81.2430,0.2483,24.8276,0-25,0.0000,0.9966,False,False,ok
ALZHEIMER'S DISEASE AMYLOID A4 PROTEIN,cellular,1AAP,A,P05067,56,770,0.9593,0.5598,67.3899,0.4208,42.0779,25-50,0.0000,1.0000,False,False,ok
BETA-SPECTRIN,cellular,1AA2,A,Q01082,108,2364,0.9808,0.7712,75.9686,0.0939,9.3909,0-25,0.0000,1.0000,False,False,ok
SPLICEOSOMAL U2B'',cellular,1A9N,B,P08579,94,225,0.9894,0.3683,82.6649,0.2044,20.4444,0-25,0.0000,1.0000,False,False,ok
U2A',cellular,1A9N,A,P09661,162,255,0.9967,0.2750,87.7184,0.2196,21.9608,0-25,0.0000,0.9877,False,False,ok
TUMOR NECROSIS FACTOR ALPHA,cellular,1A8M,A,P01375,152,233,0.9479,1.4848,84.5587,0.2232,22.3176,0-25,0.0000,0.9934,False,False,ok
IMMUNOGLOBULIN LAMBDA LIGHT CHAIN DIMER (MCG),cellular,1A8J,H,P01709,215,118,0.4174,1.7590,87.0964,0.2881,28.8136,25-50,0.0000,0.4233,True,False,ok
SERUM TRANSFERRIN,cellular,1A8F,A,P02787,329,698,0.9801,0.9968,93.1321,0.0301,3.0086,0-25,0.0000,1.0000,False,False,ok
MMP-8,cellular,1A86,A,P22894,158,467,0.9910,0.4537,90.3723,0.0771,7.7088,0-25,0.8385,1.0000,False,True,ok
SYK KINASE,cellular,1A81,A,P43405,254,635,0.5614,4.0787,84.0179,0.1543,15.4331,0-25,0.0000,1.0000,False,False,ok
FKBP12,cellular,1A7X,A,P62942,107,108,0.9818,0.5327,96.2656,0.0833,8.3333,0-25,0.0000,1.0000,False,False,ok
PLASMINOGEN ACTIVATOR INHIBITOR TYPE 1,cellular,1A7C,A,P05121,364,402,0.9632,1.4604,88.9013,0.0597,5.9701,0-25,0.0370,1.0000,False,False,ok
S-ADENOSYLHOMOCYSTEINE HYDROLASE,cellular,1A7A,A,P23526,416,432,0.9980,0.3290,98.2014,0.0000,0.0000,0-25,0.0000,0.9423,False,False,ok
HFE,cellular,1A6Z,A,Q30201,272,348,0.9563,1.6331,88.0880,0.1034,10.3448,0-25,0.0000,1.0000,False,False,ok
ORPHAN NUCLEAR RECEPTOR NR1D1,cellular,1A6Y,A,P20393,78,614,0.9068,1.5037,62.8854,0.5342,53.4202,50-75,0.0000,0.9872,False,False,ok
PHOSPHATASE 2C,cellular,1A6Q,A,P35813,363,455,0.9980,0.3181,90.0814,0.2374,23.7363,0-25,0.0109,1.0000,False,False,ok
"HLA class II histocompatibility antigen, DR-1 beta chain",cellular,1A6A,B,P01911,187,266,0.9860,0.6229,88.4106,0.1805,18.0451,0-25,0.0000,0.9037,False,False,ok
"HLA class II histocompatibility antigen, DR alpha chain",cellular,1A6A,A,P01903,176,254,0.9682,0.9316,89.1677,0.0433,4.3307,0-25,0.0000,1.0000,False,False,ok
TISSUE PLASMINOGEN ACTIVATOR,cellular,1A5H,A,P00750,252,562,0.9729,1.4084,80.9487,0.0623,6.2278,0-25,0.0044,1.0000,False,False,ok
ESTROGEN RECEPTOR,cellular,1A52,A,P03372,239,595,0.9349,1.3902,66.4346,0.4588,45.8824,25-50,0.0000,0.9958,False,False,ok
ANGIOGENIN,cellular,1A4Y,B,P03950,123,147,0.9601,1.3510,89.8413,0.1905,19.0476,0-25,0.0000,1.0000,False,False,ok
RIBONUCLEASE INHIBITOR,cellular,1A4Y,A,P13489,460,461,0.9895,0.9604,96.4411,0.0000,0.0000,0-25,0.0000,1.0000,False,False,ok
ALPHA-LACTALBUMIN,cellular,1A4V,A,P00709,123,142,0.9770,0.7012,91.6823,0.1127,11.2676,0-25,0.0000,1.0000,False,False,ok
G25K GTP-BINDING PROTEIN,cellular,1A4R,A,P60953,190,191,0.9114,1.3476,93.4801,0.0000,0.0000,0-25,0.0000,0.9947,False,False,ok
METHYLENETETRAHYDROFOLATE DEHYDROGENASE / METHENYLTETRAHYDROFOLATE CYCLOHYDROLASE,cellular,1A4I,A,P11586,285,935,0.9869,0.7271,94.5688,0.0000,0.0000,0-25,0.0339,0.9965,False,False,ok
UBC9,cellular,1A3S,A,P63279,158,158,0.9806,0.7161,97.3347,0.0000,0.0000,0-25,0.0000,1.0000,False,False,ok
PROTEIN (NUCLEAR FACTOR KAPPA-B P52),cellular,1A3Q,A,Q00653,285,900,0.9677,1.1826,74.9063,0.3656,36.5556,25-50,0.0206,1.0000,False,False,ok
GALECTIN-3,cellular,1A3K,A,P17931,137,250,0.9970,0.2371,73.8340,0.4600,46.0000,25-50,0.0000,1.0000,False,False,ok
TOPOISOMERASE I,cellular,1A36,A,P11387,544,765,0.9844,1.0637,80.3620,0.2627,26.2745,25-50,0.0127,0.9982,False,False,ok
TRANSFORMING PROTEIN RHOA,cellular,1A2B,A,P61586,178,193,0.9890,0.5391,93.5817,0.0000,0.0000,0-25,0.0000,0.9944,False,False,ok
PROGESTERONE RECEPTOR,cellular,1A28,A,P06401,251,933,0.9720,1.3068,56.1541,0.6559,65.5949,50-75,0.0000,1.0000,False,False,ok
17-BETA-HYDROXYSTEROID-DEHYDROGENASE,cellular,1A27,A,P14061,285,328,0.9932,0.5626,89.8368,0.1250,12.5000,0-25,0.0000,1.0000,False,False,ok
GROWTH HORMONE RECEPTOR,cellular,1A22,B,P10912,192,638,0.9766,0.9180,58.6975,0.5956,59.5611,50-75,0.0634,1.0000,False,False,ok
GROWTH HORMONE,cellular,1A22,A,P01241,180,217,0.8887,2.5084,79.3041,0.1244,12.4424,0-25,0.0576,0.9944,False,False,ok
HMTCP-1,cellular,1A1X,A,P56278,106,107,0.9700,0.9038,86.2003,0.0935,9.3458,0-25,0.0000,1.0000,False,False,ok
